{"setting1": 1.8486933041559663, "setting2": 1.7994616466497046, "setting3": 1.3106955112669771, "setting4": 1.2788929102597015, "setting5": 1.633705476462648, "setting6": 1.7970385022279425, "setting7": 1.85261649236376, "setting8": 1.8806748843292829, "setting9": 2.1768711136438554, "setting10": 1.9765138760520597, "setting11": 1.4772794986008677, "setting12": 1.3624398257507722, "setting13": 1.2341592881791938, "setting14": 1.3589716633213798, "setting15": 1.4223580673955978, "setting16": 1.4603419620497664}