{"setting1": 2.056197432293168, "setting2": 1.8439590666316634, "setting3": 1.8515972343502107, "setting4": 1.3626409555532881, "setting5": 1.7987752501573002}